<?xml version="1.0" encoding="UTF-8"?>

<project name="ButtonDemo-impl" default="default" basedir=".." xmlns:j2seproject3="http://www.netbeans.org/ns/j2se-project/3" xmlns:j2seproject2="http://www.netbeans.org/ns/j2se-project/2" xmlns:j2seproject1="http://www.netbeans.org/ns/j2se-project/1" xmlns:jaxws="http://www.netbeans.org/ns/jax-ws/1">
    <target name="default" depends="test,jar,javadoc" description="Build and test whole project."/>
    <!--
	 ======================
	 INITIALIZATION SECTION
	 ======================
	 -->
    <target name="-init-private" depends="">
        <property file="nbproject/private/config.properties"/>
        <property file="nbproject/private/configs/${config}.properties"/>
        <property file="nbproject/private/private.properties"/>
    </target>
    <target name="-init-user" depends="-init-private">
        <property file="${user.properties.file}"/>
        <property name="default.javac.source" value="1.4"/>
        <property name="default.javac.target" value="1.4"/>
    </target>
    <target name="-init-project" depends="-init-private,-init-user">
        <property file="nbproject/configs/${config}.properties"/>
        <property file="nbproject/project.properties"/>
    </target>
    <target name="-do-init" depends="-init-private,-init-user,-init-project,-init-macrodef-property">
        <available file="${tree.file}" property="tree.available"/>
        <condition property="tree.available+main.class">
            <and>
                <isset property="tree.available"/>
                <isset property="main.class"/>
                <not>
                    <equals arg1="${main.class}" arg2="" trim="true"/>
                </not>
            </and>
        </condition>
        <condition property="tree.available+main.class+mkdist.available">
            <and>
                <istrue value="${tree.available+main.class}"/>
                <isset property="libs.CopyLibs.classpath"/>
            </and>
        </condition>
        <condition property="have.tests">
            <or/>
        </condition>
        <condition property="have.sources">
            <or>
                <available file="${tree.dir}"/>
            </or>
        </condition>
        <condition property="netbeans.home+have.tests">
            <and>
                <isset property="netbeans.home"/>
                <isset property="have.tests"/>
            </and>
        </condition>
        <condition property="no.preview">
            <isfalse value="${javadoc.preview}"/>
        </condition>
        <property name="run.jvmargs" value=""/>
        <property name="javac.compilerargs" value=""/>
        <property name="work.dir" value="${basedir}"/>
        
        <property name="javac.debug" value="true"/>
        <property name="javadoc.preview" value="true"/>
        <property name="application.args" value=""/>
    </target>
    <target name="-init-check" depends="-init-private,-init-user,-init-project,-do-init">
        <fail unless="tree.dir">Must set tree.dir</fail>
        <fail unless="dist.dir">Must set dist.dir</fail>
		<fail unless="dist.javadoc.dir">Must set dist.javadoc.dir</fail>
        <fail unless="dist.jar">Must set dist.jar</fail>
		<!-- ======================== 変更箇所 ========================================================-->
		<fail unless="tree.dir">Must set tree.dir</fail>
        
        <fail unless="dist.dir">Must set dist.dir</fail>
		
		<fail unless="dist.javadoc.dir">Must set dist.javadoc.dir</fail>
        
        
        
        <fail unless="dist.jar">Must set dist.jar</fail>
		<!-- ======================== 変更箇所 ========================================================-->
    </target>
    <target name="-init-macrodef-property">
        <macrodef name="property" uri="http://www.netbeans.org/ns/j2se-project/1">
            <attribute name="name"/>
            <attribute name="value"/>
            <sequential>
                <property name="@{name}" value="${@{value}}"/>
            </sequential>
        </macrodef>
    </target>
  	<target name="-init-presetdef-jar">
		<presetdef name="jar" uri="http://www.netbeans.org/ns/j2se-project/1">
			<jar
				jarfile="${package}.jar"
				basedir="${destdir}"
				manifest="${package}.mf">
				<zipfileset src="${mvc}.jar" />
			</jar>
		</presetdef>
    </target>
	
    <target name="init" depends="-init-private,-init-user,-init-project,-do-init,-init-check,-init-macrodef-property,-init-presetdef-jar"/>
    <!--
	 ===================
	 COMPILATION SECTION
	 ===================
	 -->
    <target name="-pre-pre-compile" depends="init">
        <mkdir dir="${destdir}"/>
    </target>
   
	<target name="compile" depends="init,-pre-pre-compile" description="Compile project.">
		<javac
			fork="true"
			srcdir="${basedir}"
			destdir="${destdir}"
			includeAntRuntime="true"
			encoding="UTF-8"
			deprecation="on"
			verbose="false">
			<compilerarg value="-J-Dfile.encoding=UTF8" />
			<compilerarg value="-Xlint:unchecked" />
			<classpath>
				<pathelement location="." />
                <pathelement location="${mvc}.jar" />
			</classpath>
		</javac>
	</target>

    <target name="compile-single" depends="init"/>
    <!--
	 ====================
	 JAR BUILDING SECTION
	 ====================
	 -->
    <target name="-pre-pre-jar" depends="init">
        <dirname property="dist.jar.dir" file="${dist.jar}"/>
        <mkdir dir="${dist.jar.dir}"/>
    </target>
	
    <target name="-do-jar-without-tree" depends="init,compile" unless="tree.available">
        <j2seproject1:jar/>
    </target>
    <target name="-do-jar-with-tree" depends="init,compile" if="tree.available" unless="tree.available+main.class">
        <j2seproject1:jar tree="${tree.file}"/>
    </target>
    <target name="-do-jar-with-mainclass" depends="init,compile" if="tree.available+main.class" unless="tree.available+main.class+mkdist.available">
        <j2seproject1:jar tree="${tree.file}">
            <j2seproject1:tree>
                <j2seproject1:attribute name="Main-Class" value="${main.class}"/>
            </j2seproject1:tree>
        </j2seproject1:jar>
        <echo>To run this application from the command line without Ant, try:</echo>
        <property name="destdir.resolved" location="${destdir}"/>
        <property name="dist.jar.resolved" location="${dist.jar}"/>
        <pathconvert property="run.classpath.with.dist.jar">
            <path path="${run.classpath}"/>
            <map from="${destdir.resolved}" to="${dist.jar.resolved}"/>
        </pathconvert>
        <echo>java -cp "${run.classpath.with.dist.jar}" ${main.class}</echo>
    </target>
    <target name="-do-jar-with-libraries" depends="init,compile" if="tree.available+main.class+mkdist.available">
        <property name="destdir.resolved" location="${destdir}"/>
        <pathconvert property="run.classpath.without.destdir">
            <path path="${run.classpath}"/>
            <map from="${destdir.resolved}" to=""/>
        </pathconvert>
        <pathconvert property="jar.classpath" pathsep=" ">
            <path path="${run.classpath.without.destdir}"/>
            <chainedmapper>
                <flattenmapper/>
                <globmapper from="*" to="lib/*"/>
            </chainedmapper>
        </pathconvert>
        <taskdef classname="org.netbeans.modules.java.j2seproject.copylibstask.CopyLibs" name="copylibs" classpath="${libs.CopyLibs.classpath}"/>
        <copylibs
			tree="${tree.file}"
			runtimeclasspath="${run.classpath.without.destdir}"
			jarfile="${dist.jar}"
			compress="${jar.compress}">
            <fileset dir="${destdir}"/>
            <tree>
                <attribute name="Main-Class" value="${main.class}"/>
                <attribute name="Class-Path" value="${jar.classpath}"/>
            </tree>
        </copylibs>
        <echo>To run this application from the command line without Ant, try:</echo>
        <property name="dist.jar.resolved" location="${dist.jar}"/>
        <echo>java -jar "${dist.jar.resolved}"</echo>
    </target>
	
    <target name="jar" depends="init,compile,-do-jar-with-tree,-do-jar-without-tree,-do-jar-with-mainclass,-do-jar-with-libraries" description="Build JAR."/>
    <!--
	 =================
	 EXECUTION SECTION
	 =================
	 -->
    <target name="run" depends="init,compile" description="Run a main class.">
		
		<exec executable="java" spawn="false">
			<arg line="-Dfile.encoding=UTF-8 -Xmx512m -Xss1024k -jar ${package}.jar" />
		</exec>
		
    </target>
    <!--
	 =================
	 DEBUGGING SECTION
	 =================
	 -->
    <target name="-debug-start-debugger" if="netbeans.home" depends="init">
        <j2seproject1:nbjpdastart name="${debug.class}"/>
    </target>
    <target name="-debug-start-debuggee" depends="init,compile">
        <j2seproject3:debug>
            <customize>
                <arg line="${application.args}"/>
            </customize>
        </j2seproject3:debug>
    </target>
    <target name="debug" if="netbeans.home" depends="init,compile,-debug-start-debugger,-debug-start-debuggee" description="Debug project in IDE."/>
    <target name="-debug-start-debugger-stepinto" if="netbeans.home" depends="init">
        <j2seproject1:nbjpdastart stopclassname="${main.class}"/>
    </target>
    <target name="debug-stepinto" if="netbeans.home" depends="init,compile,-debug-start-debugger-stepinto,-debug-start-debuggee"/>
    <target name="-debug-start-debuggee-single" if="netbeans.home" depends="init,compile-single">
        <fail unless="debug.class">Must select one file in the IDE or set debug.class</fail>
        <j2seproject3:debug classname="${debug.class}"/>
    </target>
    <target name="debug-single" if="netbeans.home" depends="init,compile-single,-debug-start-debugger,-debug-start-debuggee-single"/>
    <target name="-pre-debug-fix" depends="init">
        <property name="javac.includes" value="${fix.includes}.java"/>
    </target>
    <target name="-do-debug-fix" if="netbeans.home" depends="init,-pre-debug-fix,compile-single">
        <j2seproject1:nbjpdareload/>
    </target>
    <target name="debug-fix" if="netbeans.home" depends="init,-pre-debug-fix,-do-debug-fix"/>
    <!--
	 ===============
	 JAVADOC SECTION
	 ===============
	 -->
    <target name="javadoc" depends="init" description="Build Javadoc." >
		<mkdir dir="${docdir}" />
		<javadoc
			locale="en_US"
			sourcepath="${basedir}"
			destdir="${docdir}"
			packagenames="${packagenames}"
			author="true"
			version="true"
			charset="UTF-8"
			encoding="UTF-8"
			docencoding="UTF-8"
			access="private">
			<doctitle>${doc-title}</doctitle>
			<bottom>${copyright}</bottom>
			<classpath>
				<pathelement location="." />
                <pathelement location="${mvc}.jar" />
			</classpath>
		</javadoc>
		<echo>on ${date} at ${time}</echo>
    </target>
    <!--
	 =========================
	 JUNIT COMPILATION SECTION
	 =========================
	 -->
    <target name="-pre-pre-compile-test" if="have.tests" depends="init,compile">
        <mkdir dir="${Classes.test.dir}"/>
    </target>
    <target name="-do-compile-test" if="have.tests" depends="init,compile,-pre-pre-compile-test">
        <j2seproject3:javac srcdir="" destdir="${Classes.test.dir}" debug="true" classpath="${javac.test.classpath}"/>
        <copy todir="${Classes.test.dir}"/>
    </target>
    <target name="compile-test" depends="init,compile,-pre-pre-compile-test,-do-compile-test"/>
    <target name="-do-compile-test-single" if="have.tests" depends="init,compile,-pre-pre-compile-test">
        <fail unless="javac.includes">Must select some files in the IDE or set javac.includes</fail>
        <j2seproject3:javac srcdir="" destdir="${Classes.test.dir}" debug="true" classpath="${javac.test.classpath}">
            <customize>
                <patternset includes="${javac.includes}"/>
            </customize>
        </j2seproject3:javac>
        <copy todir="${Classes.test.dir}"/>
    </target>
    <target name="compile-test-single" depends="init,compile,-pre-pre-compile-test,-do-compile-test-single"/>
    <!--
	 =======================
	 JUNIT EXECUTION SECTION
	 =======================
	 -->
    <target name="-pre-test-run" if="have.tests" depends="init">
        <mkdir dir="${Classes.test.results.dir}"/>
    </target>
    <target name="-do-test-run" if="have.tests" depends="init,compile-test,-pre-test-run">
        <j2seproject3:junit/>
    </target>
    <target name="-post-test-run" if="have.tests" depends="init,compile-test,-pre-test-run,-do-test-run">
        <fail if="tests.failed">Some tests failed; see details above.</fail>
    </target>
    <target name="test" depends="init,compile-test,-pre-test-run,-do-test-run,-post-test-run" description="Run unit tests."/>
    <target name="-pre-test-run-single" if="have.tests" depends="init">
        <mkdir dir="${Classes.test.results.dir}"/>
    </target>
    <target name="-do-test-run-single" if="have.tests" depends="init,compile-test-single,-pre-test-run-single">
        <fail unless="test.includes">Must select some files in the IDE or set test.includes</fail>
        <j2seproject3:junit includes="${test.includes}"/>
    </target>
    <target name="-post-test-run-single" if="have.tests" depends="init,compile-test-single,-pre-test-run-single,-do-test-run-single">
        <fail if="tests.failed">Some tests failed; see details above.</fail>
    </target>
	
	<!--
	 ===============
	 CLEANUP SECTION
	 ===============
	 -->
    <target name="clean" depends="init">
        <delete dir="${destdir}"/>
        <delete dir="${dist.dir}"/>
		<delete dir="${docdir}" />
		<delete file="${profile}" />
		<delete file="${package}.jar" />
		<delete file="../${zipname}.zip" />
    </target>
	<!--
	 ===============
	 INSTALL SECTION
	 ===============
	 -->
	<taskdef name="bundleapp" classname="com.oracle.appbundler.AppBundlerTask" classpath="lib/appbundler-1.0ea.jar" />
    <target name="-post-install">
        <bundleapp outputdirectory="dist"
            name="Example"
            displayname="Example"
            identifier="tree.Example"
            mainclassname="tree.Example">
            <classpath file="dist/tree.jar" />
        </bundleapp>
		<copy file="${package}.jar" todir="${instdir}" />
		<exec executable="chmod">
			<arg line="755 ${instdir}/../MacOS/JavaAppLauncher" />
		</exec>
	</target>
	<target name="install" depends="-pre-pre-jar,-post-install"/>
	<!--
	 ===============
	 ZIP SECTION
	 ===============
	 -->
	<target name="zip" depends="clean" description="make zip file">
		<delete file="../${zipname}.zip" />
		<zip destfile="../${zipname}.zip">
			<zipfileset dir="." prefix="${zipname}" />
		</zip>
	</target>
	<!--
	 ===============
	 PROFILE SECTION
	 ===============
	 -->
	<target name="profile" depends="jar" description="make profile">
		<exec executable="java" spawn="false">
			<arg line="-Dfile.encoding=UTF-8 -Xmx512m -Xss1024k -agentlib:hprof=depth=10,file=${profile},format=b -jar ${package}.jar" />
		</exec>
		<exec executable="jhat" spawn="false">
			<arg line="-J-Xmx768m -port 7000 ${profile}" />
		</exec>
		<echo>on ${date} at ${time}</echo>
	</target>
	
	
</project>
